{
    ".meta": {
        "comment": "ISARA triggers and record formats",
        "created": 1642515728,
        "name": "ISARA_ExtraHop_Bundle",
        "version": "8.4.0.1571",
        "version_min": "8.2"
    },
    "RecordSpec": [
        {
            "author": "ISARA",
            "display_name": "ISARA TLS Parameters from TCP",
            "name": "isara_tls_params_tcp"
        },
        {
            "author": "ISARA",
            "display_name": "ISARA TLS Main",
            "name": "isara_tls_main"
        }
    ],
    "RecordSpecField": [
        {
            "data_type": "s",
            "default_visible": true,
            "description": null,
            "display_name": "Flow ID",
            "facet": false,
            "index": 0,
            "meta_type": null,
            "name": "isaraFlowID",
            "record_spec": [
                [
                    "name",
                    "isara_tls_main"
                ]
            ]
        },
        {
            "data_type": "n",
            "default_visible": true,
            "description": null,
            "display_name": "Time of Connection",
            "facet": false,
            "index": 1,
            "meta_type": "timestamp",
            "name": "isaraConnectionTimestamp",
            "record_spec": [
                [
                    "name",
                    "isara_tls_main"
                ]
            ]
        },
        {
            "data_type": "s",
            "default_visible": true,
            "description": null,
            "display_name": "TLS Version",
            "facet": true,
            "index": 2,
            "meta_type": null,
            "name": "isaraTLSVersion",
            "record_spec": [
                [
                    "name",
                    "isara_tls_main"
                ]
            ]
        },
        {
            "data_type": "n",
            "default_visible": true,
            "description": null,
            "display_name": "TLS Version Code Point",
            "facet": true,
            "index": 3,
            "meta_type": null,
            "name": "isaraTLSVersionCodePoint",
            "record_spec": [
                [
                    "name",
                    "isara_tls_main"
                ]
            ]
        },
        {
            "data_type": "s",
            "default_visible": true,
            "description": null,
            "display_name": "Client DHCP Name",
            "facet": false,
            "index": 4,
            "meta_type": null,
            "name": "isaraClientDHCPName",
            "record_spec": [
                [
                    "name",
                    "isara_tls_main"
                ]
            ]
        },
        {
            "data_type": "addr4",
            "default_visible": true,
            "description": null,
            "display_name": "Client IPv4 Address",
            "facet": false,
            "index": 5,
            "meta_type": null,
            "name": "isaraClientIPAddress",
            "record_spec": [
                [
                    "name",
                    "isara_tls_main"
                ]
            ]
        },
        {
            "data_type": "addr6",
            "default_visible": true,
            "description": null,
            "display_name": "Client IPv6 Address",
            "facet": false,
            "index": 6,
            "meta_type": null,
            "name": "isaraClientIPAddress",
            "record_spec": [
                [
                    "name",
                    "isara_tls_main"
                ]
            ]
        },
        {
            "data_type": "n",
            "default_visible": true,
            "description": null,
            "display_name": "Client Port",
            "facet": false,
            "index": 7,
            "meta_type": null,
            "name": "isaraClientPortNumber",
            "record_spec": [
                [
                    "name",
                    "isara_tls_main"
                ]
            ]
        },
        {
            "data_type": "s",
            "default_visible": true,
            "description": null,
            "display_name": "Client MAC Address",
            "facet": false,
            "index": 8,
            "meta_type": null,
            "name": "isaraClientMACAddress",
            "record_spec": [
                [
                    "name",
                    "isara_tls_main"
                ]
            ]
        },
        {
            "data_type": "s",
            "default_visible": true,
            "description": null,
            "display_name": "Server DHCP Name",
            "facet": false,
            "index": 9,
            "meta_type": null,
            "name": "isaraServerDHCPName",
            "record_spec": [
                [
                    "name",
                    "isara_tls_main"
                ]
            ]
        },
        {
            "data_type": "addr4",
            "default_visible": true,
            "description": null,
            "display_name": "Server IPv4 Address",
            "facet": false,
            "index": 10,
            "meta_type": null,
            "name": "isaraServerIPAddress",
            "record_spec": [
                [
                    "name",
                    "isara_tls_main"
                ]
            ]
        },
        {
            "data_type": "addr6",
            "default_visible": true,
            "description": null,
            "display_name": "Server IPv6 Address",
            "facet": false,
            "index": 11,
            "meta_type": null,
            "name": "isaraServerIPAddress",
            "record_spec": [
                [
                    "name",
                    "isara_tls_main"
                ]
            ]
        },
        {
            "data_type": "n",
            "default_visible": true,
            "description": null,
            "display_name": "Server Port",
            "facet": false,
            "index": 12,
            "meta_type": null,
            "name": "isaraServerPortNumber",
            "record_spec": [
                [
                    "name",
                    "isara_tls_main"
                ]
            ]
        },
        {
            "data_type": "s",
            "default_visible": true,
            "description": null,
            "display_name": "Server MAC Address",
            "facet": false,
            "index": 13,
            "meta_type": null,
            "name": "isaraServerMACAddress",
            "record_spec": [
                [
                    "name",
                    "isara_tls_main"
                ]
            ]
        },
        {
            "data_type": "s",
            "default_visible": true,
            "description": null,
            "display_name": "SNI",
            "facet": true,
            "index": 14,
            "meta_type": null,
            "name": "isaraSNI",
            "record_spec": [
                [
                    "name",
                    "isara_tls_main"
                ]
            ]
        },
        {
            "data_type": "s",
            "default_visible": true,
            "description": null,
            "display_name": "Cipher Suite",
            "facet": true,
            "index": 15,
            "meta_type": null,
            "name": "isaraCipherSuite",
            "record_spec": [
                [
                    "name",
                    "isara_tls_main"
                ]
            ]
        },
        {
            "data_type": "n",
            "default_visible": true,
            "description": null,
            "display_name": "Cipher Suite Code Point",
            "facet": true,
            "index": 16,
            "meta_type": null,
            "name": "isaraCipherSuiteCodePoint",
            "record_spec": [
                [
                    "name",
                    "isara_tls_main"
                ]
            ]
        },
        {
            "data_type": "n",
            "default_visible": true,
            "description": null,
            "display_name": "TLS 1.3 Key Exchange Parameter Code Point",
            "facet": true,
            "index": 17,
            "meta_type": null,
            "name": "isaraTLS13KEXNamedGroupCodePoint",
            "record_spec": [
                [
                    "name",
                    "isara_tls_main"
                ]
            ]
        },
        {
            "data_type": "b",
            "default_visible": true,
            "description": null,
            "display_name": "Is Renegotiated",
            "facet": false,
            "index": 18,
            "meta_type": null,
            "name": "isaraIsRenegotiated",
            "record_spec": [
                [
                    "name",
                    "isara_tls_main"
                ]
            ]
        },
        {
            "data_type": "b",
            "default_visible": true,
            "description": null,
            "display_name": "Is Compressed",
            "facet": false,
            "index": 19,
            "meta_type": null,
            "name": "isaraIsCompressed",
            "record_spec": [
                [
                    "name",
                    "isara_tls_main"
                ]
            ]
        },
        {
            "data_type": "b",
            "default_visible": true,
            "description": null,
            "display_name": "Is Resumed",
            "facet": false,
            "index": 20,
            "meta_type": null,
            "name": "isaraIsResumed",
            "record_spec": [
                [
                    "name",
                    "isara_tls_main"
                ]
            ]
        },
        {
            "data_type": "s",
            "default_visible": true,
            "description": null,
            "display_name": "Server Certificate Subject",
            "facet": true,
            "index": 21,
            "meta_type": null,
            "name": "isaraServerCertSubjectCN",
            "record_spec": [
                [
                    "name",
                    "isara_tls_main"
                ]
            ]
        },
        {
            "data_type": "s",
            "default_visible": true,
            "description": null,
            "display_name": "Server Certificate Subject Alternative Names",
            "facet": false,
            "index": 22,
            "meta_type": null,
            "name": "isaraServerCertSubjectAN",
            "record_spec": [
                [
                    "name",
                    "isara_tls_main"
                ]
            ]
        },
        {
            "data_type": "s",
            "default_visible": true,
            "description": null,
            "display_name": "Server Certificate Issuer",
            "facet": true,
            "index": 23,
            "meta_type": null,
            "name": "isaraServerCertIssuerCN",
            "record_spec": [
                [
                    "name",
                    "isara_tls_main"
                ]
            ]
        },
        {
            "data_type": "n",
            "default_visible": true,
            "description": null,
            "display_name": "Server Certificate Creation Date",
            "facet": false,
            "index": 24,
            "meta_type": null,
            "name": "isaraServerCertCreationDate",
            "record_spec": [
                [
                    "name",
                    "isara_tls_main"
                ]
            ]
        },
        {
            "data_type": "n",
            "default_visible": true,
            "description": null,
            "display_name": "Server Certificate Expiration Date",
            "facet": false,
            "index": 25,
            "meta_type": null,
            "name": "isaraServerCertExpirationDate",
            "record_spec": [
                [
                    "name",
                    "isara_tls_main"
                ]
            ]
        },
        {
            "data_type": "s",
            "default_visible": false,
            "description": null,
            "display_name": "Server Certificate Serial",
            "facet": false,
            "index": 26,
            "meta_type": null,
            "name": "isaraServerCertSerialNumber",
            "record_spec": [
                [
                    "name",
                    "isara_tls_main"
                ]
            ]
        },
        {
            "data_type": "s",
            "default_visible": true,
            "description": null,
            "display_name": "Server Certificate Public Key Type",
            "facet": true,
            "index": 27,
            "meta_type": null,
            "name": "isaraServerCertPublicKeyType",
            "record_spec": [
                [
                    "name",
                    "isara_tls_main"
                ]
            ]
        },
        {
            "data_type": "s",
            "default_visible": true,
            "description": null,
            "display_name": "Server Certificate Public Key Curve Name",
            "facet": true,
            "index": 28,
            "meta_type": null,
            "name": "isaraServerCertPublicKeyCurveName",
            "record_spec": [
                [
                    "name",
                    "isara_tls_main"
                ]
            ]
        },
        {
            "data_type": "n",
            "default_visible": true,
            "description": null,
            "display_name": "Server Certificate Public Key Size",
            "facet": true,
            "index": 29,
            "meta_type": null,
            "name": "isaraServerCertPublicKeySize",
            "record_spec": [
                [
                    "name",
                    "isara_tls_main"
                ]
            ]
        },
        {
            "data_type": "s",
            "default_visible": true,
            "description": null,
            "display_name": "Server Certificate Signature Algorithm",
            "facet": true,
            "index": 30,
            "meta_type": null,
            "name": "isaraServerCertSignatureAlgorithm",
            "record_spec": [
                [
                    "name",
                    "isara_tls_main"
                ]
            ]
        },
        {
            "data_type": "s",
            "default_visible": true,
            "description": null,
            "display_name": "Server Certificate Fingerprint",
            "facet": true,
            "index": 31,
            "meta_type": null,
            "name": "isaraServerCertFingerprint",
            "record_spec": [
                [
                    "name",
                    "isara_tls_main"
                ]
            ]
        },
        {
            "data_type": "b",
            "default_visible": true,
            "description": null,
            "display_name": "Is Client Auth Requested",
            "facet": false,
            "index": 32,
            "meta_type": null,
            "name": "isaraIsClientAuthRequested",
            "record_spec": [
                [
                    "name",
                    "isara_tls_main"
                ]
            ]
        },
        {
            "data_type": "s",
            "default_visible": true,
            "description": null,
            "display_name": "Client Certificate Subject",
            "facet": true,
            "index": 33,
            "meta_type": null,
            "name": "isaraClientCertSubjectCN",
            "record_spec": [
                [
                    "name",
                    "isara_tls_main"
                ]
            ]
        },
        {
            "data_type": "s",
            "default_visible": true,
            "description": null,
            "display_name": "Client Certificate Subject Alternative Names",
            "facet": false,
            "index": 34,
            "meta_type": null,
            "name": "isaraClientCertSubjectAN",
            "record_spec": [
                [
                    "name",
                    "isara_tls_main"
                ]
            ]
        },
        {
            "data_type": "s",
            "default_visible": true,
            "description": null,
            "display_name": "Client Certificate Issuer",
            "facet": true,
            "index": 35,
            "meta_type": null,
            "name": "isaraClientCertIssuerCN",
            "record_spec": [
                [
                    "name",
                    "isara_tls_main"
                ]
            ]
        },
        {
            "data_type": "n",
            "default_visible": true,
            "description": null,
            "display_name": "Client Certificate Creation Date",
            "facet": false,
            "index": 36,
            "meta_type": null,
            "name": "isaraClientCertCreationDate",
            "record_spec": [
                [
                    "name",
                    "isara_tls_main"
                ]
            ]
        },
        {
            "data_type": "n",
            "default_visible": true,
            "description": null,
            "display_name": "Client Certificate Expiration Date",
            "facet": false,
            "index": 37,
            "meta_type": null,
            "name": "isaraClientCertExpirationDate",
            "record_spec": [
                [
                    "name",
                    "isara_tls_main"
                ]
            ]
        },
        {
            "data_type": "s",
            "default_visible": false,
            "description": null,
            "display_name": "Client Certificate Serial",
            "facet": false,
            "index": 38,
            "meta_type": null,
            "name": "isaraClientCertSerialNumber",
            "record_spec": [
                [
                    "name",
                    "isara_tls_main"
                ]
            ]
        },
        {
            "data_type": "s",
            "default_visible": true,
            "description": null,
            "display_name": "Client Certificate Public Key Type",
            "facet": true,
            "index": 39,
            "meta_type": null,
            "name": "isaraClientCertPublicKeyType",
            "record_spec": [
                [
                    "name",
                    "isara_tls_main"
                ]
            ]
        },
        {
            "data_type": "s",
            "default_visible": true,
            "description": null,
            "display_name": "Client Certificate Public Key Curve Name",
            "facet": true,
            "index": 40,
            "meta_type": null,
            "name": "isaraClientCertPublicKeyCurveName",
            "record_spec": [
                [
                    "name",
                    "isara_tls_main"
                ]
            ]
        },
        {
            "data_type": "n",
            "default_visible": true,
            "description": null,
            "display_name": "Client Certificate Public Key Size",
            "facet": true,
            "index": 41,
            "meta_type": null,
            "name": "isaraClientCertPublicKeySize",
            "record_spec": [
                [
                    "name",
                    "isara_tls_main"
                ]
            ]
        },
        {
            "data_type": "s",
            "default_visible": true,
            "description": null,
            "display_name": "Client Certificate Signature Algorithm",
            "facet": true,
            "index": 42,
            "meta_type": null,
            "name": "isaraClientCertSignatureAlgorithm",
            "record_spec": [
                [
                    "name",
                    "isara_tls_main"
                ]
            ]
        },
        {
            "data_type": "s",
            "default_visible": true,
            "description": null,
            "display_name": "Client Certificate Fingerprint",
            "facet": true,
            "index": 43,
            "meta_type": null,
            "name": "isaraClientCertFingerprint",
            "record_spec": [
                [
                    "name",
                    "isara_tls_main"
                ]
            ]
        },
        {
            "data_type": "s",
            "default_visible": true,
            "description": null,
            "display_name": "Trigger Version",
            "facet": false,
            "index": 44,
            "meta_type": null,
            "name": "isaraTriggerVersion",
            "record_spec": [
                [
                    "name",
                    "isara_tls_main"
                ]
            ]
        },
        {
            "data_type": "s",
            "default_visible": true,
            "description": null,
            "display_name": "Flow ID",
            "facet": false,
            "index": 0,
            "meta_type": null,
            "name": "isaraFlowID",
            "record_spec": [
                [
                    "name",
                    "isara_tls_params_tcp"
                ]
            ]
        },
        {
            "data_type": "b",
            "default_visible": true,
            "description": null,
            "display_name": "Is Client Flow",
            "facet": false,
            "index": 1,
            "meta_type": null,
            "name": "isaraIsClientFlow",
            "record_spec": [
                [
                    "name",
                    "isara_tls_params_tcp"
                ]
            ]
        },
        {
            "data_type": "s",
            "default_visible": true,
            "description": null,
            "display_name": "TLS Version",
            "facet": true,
            "index": 2,
            "meta_type": null,
            "name": "isaraTLSVersion",
            "record_spec": [
                [
                    "name",
                    "isara_tls_params_tcp"
                ]
            ]
        },
        {
            "data_type": "n",
            "default_visible": true,
            "description": null,
            "display_name": "TLS Version Code Point",
            "facet": true,
            "index": 3,
            "meta_type": null,
            "name": "isaraTLSVersionCodePoint",
            "record_spec": [
                [
                    "name",
                    "isara_tls_params_tcp"
                ]
            ]
        },
        {
            "data_type": "s",
            "default_visible": true,
            "description": null,
            "display_name": "Key Exchange Algorithm",
            "facet": true,
            "index": 4,
            "meta_type": null,
            "name": "isaraKEXAlgorithm",
            "record_spec": [
                [
                    "name",
                    "isara_tls_params_tcp"
                ]
            ]
        },
        {
            "data_type": "n",
            "default_visible": true,
            "description": null,
            "display_name": "Key Exchange Parameter",
            "facet": true,
            "index": 5,
            "meta_type": null,
            "name": "isaraTLSKEXParameter",
            "record_spec": [
                [
                    "name",
                    "isara_tls_params_tcp"
                ]
            ]
        },
        {
            "data_type": "n",
            "default_visible": true,
            "description": null,
            "display_name": "Server Auth Signature Scheme",
            "facet": true,
            "index": 6,
            "meta_type": null,
            "name": "isaraServerAuthSigSchemeCodePoint",
            "record_spec": [
                [
                    "name",
                    "isara_tls_params_tcp"
                ]
            ]
        },
        {
            "data_type": "n",
            "default_visible": true,
            "description": null,
            "display_name": "Client Auth Signature Scheme",
            "facet": true,
            "index": 7,
            "meta_type": null,
            "name": "isaraClientAuthSigSchemeCodePoint",
            "record_spec": [
                [
                    "name",
                    "isara_tls_params_tcp"
                ]
            ]
        },
        {
            "data_type": "s",
            "default_visible": true,
            "description": null,
            "display_name": "Trigger Version",
            "facet": false,
            "index": 8,
            "meta_type": null,
            "name": "isaraTriggerVersion",
            "record_spec": [
                [
                    "name",
                    "isara_tls_params_tcp"
                ]
            ]
        }
    ],
    "Trigger": [
        {
            "apply_all": true,
            "author": "ISARA",
            "comment": "Create ISARA TLS main records",
            "debug": false,
            "disabled": false,
            "events": "[\"SSL_OPEN\", \"SSL_RENEGOTIATE\"]",
            "hints": "{}",
            "name": "ISARA TLS Main",
            "script": "/*\n * ISARA TLS Main Trigger.\n *\n * Copyright (C) 2021, ISARA Corporation, All Rights Reserved.\n *\n * The code and other content set out herein is not in the public domain,\n * is considered a trade secret and is confidential to ISARA Corporation.\n * Use, reproduction or distribution, in whole or in part, of such code or\n * other content is strictly prohibited except by express written permission\n * of ISARA Corporation. Please contact ISARA Corporation at info@isara.com\n * for more information.\n */\n\n/*\n * This ExtraHop trigger is invoked by the \"SSL_OPEN\" and \"SSL_RENEGOTIATE\"\n * events, and it creates a custom ExtraHop record, of type \"isara_tls_main\",\n * for every TLS session. The record contains the following properties:\n *\n * \"isaraConnectionTimestamp\"   - Timestamp of the TLS connection.\n * \"isaraFlowID\"                - A unique ID of the TCP flow.\n * \"isaraTLSVersion\"            - TLS version of the TLS connection, such as \"TLSv1.2\", \"TLSv1.3\".\n * \"isaraTLSVersionCodePoint\"   - Code point of the TLS version of the TLS connection, such as 772 (0x0304) for \"TLSv1.3\".\n * \"isaraClientDHCPName\"        - Client device DHCP name.\n * \"isaraClientDNSNames\"        - A list of DNS names associated with the client device.\n * \"isaraClientIPAddress\"       - Client IP address.\n * \"isaraClientPortNumber\"      - Client port number.\n * \"isaraClientMACAddress\"      - Client MAC address.\n * \"isaraServerDHCPName\"        - Server device DHCP name.\n * \"isaraServerDNSNames\"        - A list of DNS names associated with the server device.\n * \"isaraServerIPAddress\"       - Server IP address.\n * \"isaraServerPortNumber\"      - Server port number.\n * \"isaraServerMACAddress\"      - Server MAC address.\n * \"isaraSNI\"                   - TLS Server Name Indication.\n * \"isaraCipherSuite\"           - Name of the negotiated cipher suite, such as \"TLS_ECDHE_ECDSA_WITH_AES_256_GCM_SHA384\".\n * \"isaraCipherSuiteCodePoint\"  - Code point of the negotiated cipher suite, such as 49196 (0xC02C) for \"TLS_ECDHE_ECDSA_WITH_AES_256_GCM_SHA384\".\n * \"isaraTLS13KEXNamedGroupCodePoint\" - Code point of the negotiated key exchange named group. Only for TLS 1.3.\n * \"isaraIsRenegotiated\"        - Whether the TLS session is renegotiated.\n * \"isaraIsCompressed\"          - Whether the TLS session is compressed.\n * \"isaraIsResumed\"             - Whether the TLS session is resumed.\n * \"isaraServerCertSubjectCN\"   - Server cert subject common name.\n * \"isaraServerCertSubjectAN\"   - Server cert subject alternative names.\n * \"isaraServerCertIssuerCN\"    - Server cert issuer common name.\n * \"isaraServerCertCreationDate\"   - Server cert creation date.\n * \"isaraServerCertExpirationDate\" - Server cert expiration date.\n * \"isaraServerCertSerialNumber\"   - Server cert serial number.\n * \"isaraServerCertPublicKeyType\"  - Server cert public key type.\n * \"isaraServerCertPublicKeyCurveName\" - Server cert public key curve name, for ECDSA.\n * \"isaraServerCertPublicKeySize\"  - Server cert public key size, such as 2048 for RSA.\n * \"isaraServerCertSignatureAlgorithm\" - The signature-and-hash used to sign the server cert.\n * \"isaraServerCertFingerprint\"    - Server cert fingerprint.\n * \"isaraIsClientAuthRequested\"    - Whether client authentication is requested.\n * \"isaraClientCertSubjectCN\"      - Client cert subject common name.\n * \"isaraClientCertSubjectAN\"      - Client cert subject alternative names.\n * \"isaraClientCertIssuerCN\"       - Client cert issuer common name.\n * \"isaraClientCertCreationDate\"   - Client cert creation date.\n * \"isaraClientCertExpirationDate\" - Client cert expiration date.\n * \"isaraClientCertSerialNumber\"   - Client cert serial number.\n * \"isaraClientCertPublicKeyType\"  - Client cert public key type.\n * \"isaraClientCertPublicKeyCurveName\" - Client cert public key curve name, for ECDSA.\n * \"isaraClientCertPublicKeySize\"  - Client cert public key size, such as 2048 for RSA.\n * \"isaraClientCertSignatureAlgorithm\" - The signature-and-hash used to sign the client cert.\n * \"isaraClientCertFingerprint\"    - Client cert fingerprint.\n * \"isaraTriggerVersion\"           - The release version of this trigger.\n *\n * Note that all properties are prepended with \"isara\". This ensures that\n * none of our properties will collide with those of ExtraHop that are\n * automatically added to custom records:\n * https://docs.extrahop.com/current/extrahop-trigger-api/#global-functions\n *\n * Not all properties may get included in a record. It depends on the TLS\n * connection. For instance, a TLS 1.3 connection will not provide any\n * certificate information, because certificates are encrypted. Therefore,\n * all certificate related properties will be absent in a TLS 1.3 connection\n * record.\n *\n * ExtraHop may add additional properties to the record, as per:\n * https://docs.extrahop.com/current/extrahop-trigger-api/#global-functions\n * such as \"clientAddr\", \"clientPort\", etc. However, we should not rely on such\n * properties as they may be subject to change on the ExtraHop side, and we\n * should use our own corresponding properties, such as \"isaraClientIPAddress\",\n * \"isaraClientPortNumber\".\n *\n * Our custom records' record type is \"isara_tls_main\". It can be used for\n * REST query:\n *\n * `curl -v -X POST \"https://<extrahop-hostname-or-IP-address>/api/v1/records/search\"\n * -H \"accept: application/json\" -H \"Authorization: ExtraHop apikey=your_api_key\"\n * -H \"Content-Type: application/json\" -d '{ \"from\": \"-30m\", \"types\": [ \"isara_tls_main\" ]}'`\n */\n\nlet triggerVersion = \"3.2\";\n\nif (SSL === null) {\n    // Exit if no SSL info.\n    debug(\"Error: No SSL info.\");\n    return;\n}\n\nif (Flow === null) {\n    // Exit if no Flow info.\n    debug(\"Error: No Flow info.\");\n    return;\n}\n\n/*\n * Custom TLS record.\n *\n * This holds all record info, and is sent to the ExtraHop recordstore.\n */\nlet isaraTLSMainRecord = {};\n\n/*\n * Enable packet capturing if debug mode is on.\n */\nif (Trigger.isDebugEnabled) {\n    Flow.captureStart(`isara_pcap_${Flow.id}`);\n}\n\n/*\n * Add the version of the trigger.\n */\nfunction addTriggerVersion() {\n    isaraTLSMainRecord.isaraTriggerVersion = triggerVersion;\n\n    debug(\"Trigger version: \" + isaraTLSMainRecord.isaraTriggerVersion);\n}\n\n/*\n * Add the timestamp of the packet that caused the trigger event to run.\n\n * This is the number of milliseconds since January 1, 1970, 00:00:00 UTC.\n */\nfunction addConnectionTimestamp() {\n    isaraTLSMainRecord.isaraConnectionTimestamp = new Date(getTimestamp()).getTime();\n\n    debug(\"Connection timestamp: \" + isaraTLSMainRecord.isaraConnectionTimestamp);\n}\n\n/*\n * Add the unique identifier of the TCP flow.\n *\n * This is used specifically to link this record to other records that contain\n * crypto info of the same TLS connection (such as separate records holding\n * TLS 1.2 key exchange parameter).\n */\nfunction addFlowID() {\n    isaraTLSMainRecord.isaraFlowID = Flow.id;\n\n    debug(\"Flow id: \" + isaraTLSMainRecord.isaraFlowID);\n}\n\n/*\n * Add the TLS version of the TLS connection.\n *\n * Possible values are: \"SSLv3\", \"TLSv1.0\", \"TLSv1.1\", \"TLSv1.2\", \"TLSv1.3\".\n *\n * It's best not to use these ExtraHop defined strings for data processing,\n * but to use the corresponding code points, which cannot be changed by\n * ExtraHop. See addTLSVersionCodePoint().\n */\nfunction addTLSVersion() {\n    isaraTLSMainRecord.isaraTLSVersion = SSL.record.version;\n\n    debug(\"TLS version: \" + isaraTLSMainRecord.isaraTLSVersion);\n}\n\n/*\n * Add the code point of the TLS version of the TLS connection.\n *\n * Possible values are:\n * 768 (0x0300) for SSL 3\n * 769 (0x0301) for TLS 1.0\n * 770 (0x0302) for TLS 1.1\n * 771 (0x0303) for TLS 1.2\n * 772 (0x0304) for TLS 1.3\n */\nfunction addTLSVersionCodePoint() {\n    isaraTLSMainRecord.isaraTLSVersionCodePoint = SSL.version;\n\n    debug(\"TLS version code point: \" + isaraTLSMainRecord.isaraTLSVersionCodePoint);\n}\n\n/*\n * Get the IP address of a device.\n *\n * The format of the IP address object:\n * {\n *     type : \"ipaddr4\" / \"ipaddr6\"\n *     value: IP address\n * }\n *\n * The type string \"ipaddr4\" is used for IPv4 and \"ipaddr6\" for IPv6.\n * If one uses a different string, such as \"IPv4\", record display on ExtraHop\n * would not work properly.\n *\n * @param {Object} device The device of which to get the IP address.\n */\nfunction getDeviceIPAddress(device) {\n    if (device === null) {\n        debug(\"Error: getDeviceIPAddress() - No device info.\");\n        return;\n    }\n\n    let ipAddress = {\n        type: \"\",\n        value: \"\"\n    };\n\n    if (device.ipaddr.isV4) {\n        ipAddress.type = \"ipaddr4\";\n    } else if (device.ipaddr.isV6) {\n        ipAddress.type = \"ipaddr6\";\n    } else {\n        debug(\"Error: getDeviceIPAddress() - Wrong type for IP address.\");\n    }\n\n    ipAddress.value = device.ipaddr.toString();\n\n    return ipAddress;\n}\n\n/*\n * Add the DHCP name associated with the client device, if present.\n */\nfunction addClientDeviceDHCPName() {\n    isaraTLSMainRecord.isaraClientDHCPName = Flow.client.device.dhcpName;\n\n    debug(\"Client device DHCP name: \" + isaraTLSMainRecord.isaraClientDHCPName);\n}\n\n/*\n * Add the DNS names associated with the client device, if present.\n */\nfunction addClientDeviceDNSNames() {\n    isaraTLSMainRecord.isaraClientDNSNames = Flow.client.device.dnsNames;\n\n    debug(\"Client device DNS names: \" + isaraTLSMainRecord.isaraClientDNSNames);\n}\n\n/*\n * Add the IP address of the TLS client.\n */\nfunction addClientIPAddress() {\n    isaraTLSMainRecord.isaraClientIPAddress = getDeviceIPAddress(Flow.client);\n\n    debug(\"Client IP address: \" + JSON.stringify(isaraTLSMainRecord.isaraClientIPAddress));\n}\n\n/*\n * Add the port number of the TLS client.\n */\nfunction addClientPortNumber() {\n    isaraTLSMainRecord.isaraClientPortNumber = Flow.client.port;\n\n    debug(\"Client port number: \" + isaraTLSMainRecord.isaraClientPortNumber);\n}\n\n/*\n * Add the MAC address of the TLS client.\n */\nfunction addClientMACAddress() {\n    isaraTLSMainRecord.isaraClientMACAddress = Flow.client.device.hwaddr;\n\n    debug(\"Client MAC address: \" + isaraTLSMainRecord.isaraClientMACAddress);\n}\n\n/*\n * Add the DHCP name associated with the server device, if present.\n */\nfunction addServerDeviceDHCPName() {\n    isaraTLSMainRecord.isaraServerDHCPName = Flow.server.device.dhcpName;\n\n    debug(\"Server device DHCP name: \" + isaraTLSMainRecord.isaraServerDHCPName);\n}\n\n/*\n * Add the DNS names associated with the server device, if present.\n */\nfunction addServerDeviceDNSNames() {\n    isaraTLSMainRecord.isaraServerDNSNames = Flow.server.device.dnsNames;\n\n    debug(\"Server device DNS names: \" + isaraTLSMainRecord.isaraServerDNSNames);\n}\n\n/*\n * Add the IP address of the TLS server.\n */\nfunction addServerIPAddress() {\n    isaraTLSMainRecord.isaraServerIPAddress = getDeviceIPAddress(Flow.server);\n\n    debug(\"Server IP address: \" + JSON.stringify(isaraTLSMainRecord.isaraServerIPAddress));\n}\n\n/*\n * Add the port number of the TLS server.\n */\nfunction addServerPortNumber() {\n    isaraTLSMainRecord.isaraServerPortNumber = Flow.server.port;\n\n    debug(\"Server port number: \" + isaraTLSMainRecord.isaraServerPortNumber);\n}\n\n/*\n * Add the MAC address of the TLS server.\n */\nfunction addServerMACAddress() {\n    isaraTLSMainRecord.isaraServerMACAddress = Flow.server.device.hwaddr;\n\n    debug(\"Server MAC address: \" + isaraTLSMainRecord.isaraServerMACAddress);\n}\n\n/*\n * Add SNI (Server Name Indication).\n *\n * This gives a more accurate server name (than can be extracted from the\n * server certificate).\n */\nfunction addSNI() {\n    isaraTLSMainRecord.isaraSNI = SSL.host;\n\n    debug(\"SNI (Server Name Indication): \" + isaraTLSMainRecord.isaraSNI);\n}\n\n/*\n * Add the negotiated cipher suite of the TLS connection.\n *\n * Values are strings such as \"TLS_ECDHE_ECDSA_WITH_AES_256_GCM_SHA384\".\n * If the cipher suite is not recognized by ExtraHop, it returns\n * \"private: 0x####\", where \"0x####\" is the hex representation of the code\n * point of the cipher suite.\n *\n * It's best not to use these ExtraHop defined strings for data processing,\n * but to use the corresponding code points, which cannot be changed by\n * ExtraHop. See addCipherSuiteCodePoint().\n */\nfunction addCipherSuite() {\n    isaraTLSMainRecord.isaraCipherSuite = SSL.cipherSuite;\n\n    debug(\"Negotiated cipher suite: \" + isaraTLSMainRecord.isaraCipherSuite);\n}\n\n/*\n * Add the code point of the negotiated cipher suite of the TLS connection.\n *\n * For example, code point for \"TLS_ECDHE_ECDSA_WITH_AES_256_GCM_SHA384\"\n * is 49196 (0xC02C).\n *\n * For all standardized cipher suite code points, see:\n * https://www.iana.org/assignments/tls-parameters/tls-parameters.xhtml#tls-parameters-4\n */\nfunction addCipherSuiteCodePoint() {\n    isaraTLSMainRecord.isaraCipherSuiteCodePoint = SSL.cipherSuiteType;\n\n    debug(\"Negotiated cipher suite code point: \" + isaraTLSMainRecord.isaraCipherSuiteCodePoint);\n}\n\n/*\n * Add the code point of the negotiated TLS 1.3 key exchange named group.\n *\n * This is only added for TLS 1.3 connections. For TLS version 1.2 and lower,\n * the negotiated key exchange parameters are extracted in another trigger,\n * because they are not available based on SSL_OPEN / SSL_RENEGOTIATE events.\n *\n * We extract the code point from the server key share extension.\n *\n * NOTE: In the case where the server sends a HelloRetryRequest, this extension\n * would contain a mutually supported group the server intends to negotiate and\n * is requesting a retried ClientHello/KeyShare for. ExtraHop does not seem to\n * return the \"second\" key share extension after the HelloRetryRequest, which\n * would contain the negotiated key exchange named group. Nevertheless, it is\n * OK to use the code point in the HelloRetryRequest as the negotiated code\n * point, because a successfully established TLS 1.3 connection would\n * definitely use this group for key exchange, and if it cannot be used, the\n * TLS connection would not be established.\n *\n * For all standardized named groups, see:\n * https://www.iana.org/assignments/tls-parameters/tls-parameters.xhtml#tls-parameters-8\n */\nfunction addTLS13KEXNamedGroupCodePoint() {\n    if (SSL.record.version == \"TLSv1.3\") {\n        // 51 is the code point for the key share extension.\n        if (SSL.hasServerExtension(51)) {\n            let serverKeyShareBuf = SSL.getServerExtensionData(51);\n\n            if (serverKeyShareBuf.length < 2) {\n                debug(\"Error: addTLS13KEXNamedGroupCodePoint() - Incorrect key share buffer.\");\n            }\n\n            // The first 2 bytes represent the negotiated key exchange named group code point.\n            isaraTLSMainRecord.isaraTLS13KEXNamedGroupCodePoint = (serverKeyShareBuf[0] << 8) | serverKeyShareBuf[1];\n\n            debug(\"Negotiated TLS 1.3 key exchange named group: \" + isaraTLSMainRecord.isaraTLS13KEXNamedGroupCodePoint);\n        } else {\n            debug(\"Info: addTLS13KEXNamedGroupCodePoint() - No key share extension.\");\n        }\n    }\n\n    // Negotiated key exchange parameters for TLS v1.2 and lower are extracted in another trigger.\n}\n\n/*\n * Add whether this TLS session is renegotiated.\n */\nfunction addIsRenegotiated() {\n    isaraTLSMainRecord.isaraIsRenegotiated = SSL.record.isRenegotiate;\n\n    debug(\"Is the TLS session renegotiated: \" + isaraTLSMainRecord.isaraIsRenegotiated);\n}\n\n/*\n * Add whether this TLS session is compressed.\n */\nfunction addIsCompressed() {\n    isaraTLSMainRecord.isaraIsCompressed = SSL.isCompressed;\n\n    debug(\"Is the TLS session compressed: \" + isaraTLSMainRecord.isaraIsCompressed);\n}\n\n/*\n * Add whether this TLS session is resumed.\n */\nfunction addIsResumed() {\n    isaraTLSMainRecord.isaraIsResumed = SSL.isResumed;\n\n    debug(\"Is the TLS session resumed: \" + isaraTLSMainRecord.isaraIsResumed);\n}\n\n/*\n * Add server certificate subject common name.\n */\nfunction addServerCertSubjectCN() {\n    isaraTLSMainRecord.isaraServerCertSubjectCN = SSL.certificate.subject;\n\n    debug(\"Server cert subject common name: \" + isaraTLSMainRecord.isaraServerCertSubjectCN);\n}\n\n/*\n * Add server certificate subject alternative names.\n */\nfunction addServerCertSubjectAN() {\n    isaraTLSMainRecord.isaraServerCertSubjectAN = SSL.certificate.subjectAlternativeNames;\n\n    debug(\"Server cert subject alternative name: \" + isaraTLSMainRecord.isaraServerCertSubjectAN);\n}\n\n/*\n * Add server certificate issuer common name.\n */\nfunction addServerCertIssuerCN() {\n    isaraTLSMainRecord.isaraServerCertIssuerCN = SSL.certificate.issuer;\n\n    debug(\"Server cert issuer common name: \" + isaraTLSMainRecord.isaraServerCertIssuerCN);\n}\n\n/*\n * Add server certificate creation date.\n *\n * This is the number of seconds since January 1, 1970, 00:00:00 UTC.\n */\nfunction addServerCertCreationDate() {\n    isaraTLSMainRecord.isaraServerCertCreationDate = SSL.certificate.notBefore;\n\n    debug(\"Server cert creation date: \" + isaraTLSMainRecord.isaraServerCertCreationDate);\n}\n\n/*\n * Add server certificate expiration date.\n *\n * This is the number of seconds since January 1, 1970, 00:00:00 UTC.\n */\nfunction addServerCertExpirationDate() {\n    isaraTLSMainRecord.isaraServerCertExpirationDate = SSL.certificate.notAfter;\n\n    debug(\"Server cert expiration date: \" + isaraTLSMainRecord.isaraServerCertExpirationDate);\n}\n\n/*\n * Add server certificate serial number.\n */\nfunction addServerCertSerialNumber() {\n    isaraTLSMainRecord.isaraServerCertSerialNumber = SSL.certificate.serial;\n\n    debug(\"Server cert serial number: \" + isaraTLSMainRecord.isaraServerCertSerialNumber);\n}\n\n/*\n * Add server certificate public key type.\n *\n * Currently this mainly returns either \"EC\" or \"RSA\".\n */\nfunction addServerCertPublicKeyType() {\n    isaraTLSMainRecord.isaraServerCertPublicKeyType = SSL.certificate.publicKeyType;\n\n    debug(\"Server cert public key type: \" + isaraTLSMainRecord.isaraServerCertPublicKeyType);\n}\n\n/*\n * Add server certificate public key curve name.\n *\n * This is for ECDSA.\n */\nfunction addServerCertPublicKeyCurveName() {\n    isaraTLSMainRecord.isaraServerCertPublicKeyCurveName = SSL.certificate.publicKeyCurveName;\n\n    debug(\"Server cert public key curve name: \" + isaraTLSMainRecord.isaraServerCertPublicKeyCurveName);\n}\n\n/*\n * Add server certificate public key size.\n *\n * NOTE: For EC curve based signature schemes, such as ECDSA, the key size may\n * not be as useful as the curve name (see addServerCertPublicKeyCurveName())\n * in evaluating crypto strength.\n */\nfunction addServerCertPublicKeySize() {\n    isaraTLSMainRecord.isaraServerCertPublicKeySize = SSL.certificate.keySize;\n\n    debug(\"Server cert public key size: \" + isaraTLSMainRecord.isaraServerCertPublicKeySize);\n}\n\n/*\n * Add server certificate signature algorithm.\n *\n * This is the signature-and-hash used by the issuer to sign the server cert.\n */\nfunction addServerCertSigAlgo() {\n    isaraTLSMainRecord.isaraServerCertSignatureAlgorithm = SSL.certificate.signatureAlgorithm;\n\n    debug(\"Server cert signature algorithm: \" + isaraTLSMainRecord.isaraServerCertSignatureAlgorithm);\n}\n\n/*\n * Add server certificate fingerprint.\n */\nfunction addServerCertFingerprint() {\n    isaraTLSMainRecord.isaraServerCertFingerprint = SSL.certificate.fingerprint;\n\n    debug(\"Server cert fingerprint: \" + isaraTLSMainRecord.isaraServerCertFingerprint);\n}\n\n/*\n * Add whether client authentication is requested.\n *\n * If yes, we should then have client auth info to collect. See functions below.\n */\nfunction addIsClientAuthRequested() {\n    isaraTLSMainRecord.isaraIsClientAuthRequested = SSL.clientCertificateRequested;\n\n    debug(\"Is client authentication requested: \" + isaraTLSMainRecord.isaraIsClientAuthRequested);\n}\n\n/*\n * Add client certificate subject common name.\n */\nfunction addClientCertSubjectCN() {\n    isaraTLSMainRecord.isaraClientCertSubjectCN = SSL.clientCertificate.subject;\n\n    debug(\"Client cert subject common name: \" + isaraTLSMainRecord.isaraClientCertSubjectCN);\n}\n\n/*\n * Add client certificate subject alternative names.\n */\nfunction addClientCertSubjectAN() {\n    isaraTLSMainRecord.isaraClientCertSubjectAN = SSL.clientCertificate.subjectAlternativeNames;\n\n    debug(\"Client cert subject alternative name: \" + isaraTLSMainRecord.isaraClientCertSubjectAN);\n}\n\n/*\n * Add client certificate issuer common name.\n */\nfunction addClientCertIssuerCN() {\n    isaraTLSMainRecord.isaraClientCertIssuerCN = SSL.clientCertificate.issuer;\n\n    debug(\"Client cert issuer common name: \" + isaraTLSMainRecord.isaraClientCertIssuerCN);\n}\n\n/*\n * Add client certificate creation date.\n *\n * This is the number of seconds since January 1, 1970, 00:00:00 UTC.\n */\nfunction addClientCertCreationDate() {\n    isaraTLSMainRecord.isaraClientCertCreationDate = SSL.clientCertificate.notBefore;\n\n    debug(\"Client cert creation date: \" + isaraTLSMainRecord.isaraClientCertCreationDate);\n}\n\n/*\n * Add client certificate expiration date.\n *\n * This is the number of seconds since January 1, 1970, 00:00:00 UTC.\n */\nfunction addClientCertExpirationDate() {\n    isaraTLSMainRecord.isaraClientCertExpirationDate = SSL.clientCertificate.notAfter;\n\n    debug(\"Client cert expiration date: \" + isaraTLSMainRecord.isaraClientCertExpirationDate);\n}\n\n/*\n * Add client certificate serial number.\n */\nfunction addClientCertSerialNumber() {\n    isaraTLSMainRecord.isaraClientCertSerialNumber = SSL.clientCertificate.serial;\n\n    debug(\"Client cert serial number: \" + isaraTLSMainRecord.isaraClientCertSerialNumber);\n}\n\n/*\n * Add client certificate public key type.\n *\n * Currently this mainly returns either \"EC\" or \"RSA\".\n */\nfunction addClientCertPublicKeyType() {\n    isaraTLSMainRecord.isaraClientCertPublicKeyType = SSL.clientCertificate.publicKeyType;\n\n    debug(\"Client cert public key type: \" + isaraTLSMainRecord.isaraClientCertPublicKeyType);\n}\n\n/*\n * Add client certificate public key curve name.\n *\n * This is for ECDSA.\n */\nfunction addClientCertPublicKeyCurveName() {\n    isaraTLSMainRecord.isaraClientCertPublicKeyCurveName = SSL.clientCertificate.publicKeyCurveName;\n\n    debug(\"Client cert public key curve name: \" + isaraTLSMainRecord.isaraClientCertPublicKeyCurveName);\n}\n\n/*\n * Add client certificate public key size.\n *\n * NOTE: For EC curve based signature schemes, such as ECDSA, the key size may\n * not be as useful as the curve name (see addClientCertPublicKeyCurveName())\n * in evaluating crypto strength.\n */\nfunction addClientCertPublicKeySize() {\n    isaraTLSMainRecord.isaraClientCertPublicKeySize = SSL.clientCertificate.keySize;\n\n    debug(\"Client cert public key size: \" + isaraTLSMainRecord.isaraClientCertPublicKeySize);\n}\n\n/*\n * Add client certificate signature algorithm.\n *\n * This is the signature-and-hash used by the issuer to sign the client cert.\n */\nfunction addClientCertSigAlgo() {\n    isaraTLSMainRecord.isaraClientCertSignatureAlgorithm = SSL.clientCertificate.signatureAlgorithm;\n\n    debug(\"Client cert signature algorithm: \" + isaraTLSMainRecord.isaraClientCertSignatureAlgorithm);\n}\n\n/*\n * Add client certificate fingerprint.\n */\nfunction addClientCertFingerprint() {\n    isaraTLSMainRecord.isaraClientCertFingerprint = SSL.clientCertificate.fingerprint;\n\n    debug(\"Client cert fingerprint: \" + isaraTLSMainRecord.isaraClientCertFingerprint);\n}\n\naddTriggerVersion();\naddConnectionTimestamp();\naddFlowID();\naddTLSVersion();\naddTLSVersionCodePoint();\naddClientDeviceDHCPName();\naddClientDeviceDNSNames();\naddClientIPAddress();\naddClientPortNumber();\naddClientMACAddress();\naddServerDeviceDHCPName();\naddServerDeviceDNSNames();\naddServerIPAddress();\naddServerPortNumber();\naddServerMACAddress();\naddSNI();\naddCipherSuite();\naddCipherSuiteCodePoint();\naddTLS13KEXNamedGroupCodePoint();\naddIsRenegotiated();\naddIsCompressed();\naddIsResumed();\n\nif (SSL.certificate != null) {\n    addServerCertSubjectCN();\n    addServerCertSubjectAN();\n    addServerCertIssuerCN();\n    addServerCertCreationDate();\n    addServerCertExpirationDate();\n    addServerCertSerialNumber();\n    addServerCertPublicKeyType();\n    addServerCertPublicKeyCurveName();\n    addServerCertPublicKeySize();\n    addServerCertSigAlgo();\n    addServerCertFingerprint();\n}\n\naddIsClientAuthRequested();\n\nif (isaraTLSMainRecord.isaraIsClientAuthRequested && SSL.clientCertificate != null) {\n    addClientCertSubjectCN();\n    addClientCertSubjectAN();\n    addClientCertIssuerCN();\n    addClientCertCreationDate();\n    addClientCertExpirationDate();\n    addClientCertSerialNumber();\n    addClientCertPublicKeyType();\n    addClientCertPublicKeyCurveName();\n    addClientCertPublicKeySize();\n    addClientCertSigAlgo();\n    addClientCertFingerprint();\n}\n\n/*\n * If there is no cipher suite info available, do not create the record.\n * Every valid TLS session should always contain the cipher suite info.\n */\nif (!isaraTLSMainRecord.hasOwnProperty('isaraCipherSuiteCodePoint')) {\n    debug(\"Error: No cipher suite info.\");\n    return;\n}\n\ncommitRecord('isara_tls_main', isaraTLSMainRecord);"
        },
        {
            "apply_all": true,
            "author": "ISARA",
            "comment": "Create ISARA records containing TLS parameters extracted from TCP data flow",
            "debug": false,
            "disabled": false,
            "events": "[\"TCP_PAYLOAD\"]",
            "hints": "{\"flowPayloadTurn\": true, \"snaplen\": 0, \"flowClientBytes\": 32000, \"flowServerBytes\": 32000}",
            "name": "ISARA TLS Parameters from TCP",
            "script": "/*\n * ISARA TLS Parameters from TCP data flow.\n *\n * Copyright (C) 2021, ISARA Corporation, All Rights Reserved.\n *\n * The code and other content set out herein is not in the public domain,\n * is considered a trade secret and is confidential to ISARA Corporation.\n * Use, reproduction or distribution, in whole or in part, of such code or\n * other content is strictly prohibited except by express written permission\n * of ISARA Corporation. Please contact ISARA Corporation at info@isara.com\n * for more information.\n */\n\n/*\n * This ExtraHop trigger is invoked by the \"TCP_PAYLOAD\" event, and it creates\n * custom ExtraHop records, of type \"isara_tls_params_tcp\", containing TLS\n * parameters extracted from the TCP data flow.\n *\n * More specifically, the following TLS parameters are extracted:\n *\n * 1. Negotiated key exchange algorithm and parameter used for every TLS 1.2,\n * 1.1, 1.0, and SSL 3.0 session, as long as the session uses Diffie-Hellman\n * key exchange. Note that this record does not contain TLS 1.3 negotiated key\n * exchange parameter which is contained in the \"isara_tls_main\" record\n * instead.\n *\n * The negotiated key exchange algorithm and parameter that this trigger\n * detects are:\n *   -- ECDH with curve being the parameter.\n *   -- FFDH with key size being the parameter.\n *\n * 2. Negotiated signature scheme used in signing the server key exchange\n * message for server auth. We are mainly interested in the hash component in\n * the signature scheme. (We cannot just parse out the \"hash byte\" in the\n * signature scheme code point and use it directly, because for those newer\n * signature schemes, the \"hash byte\" no longer directly map to a hash\n * algorithm code point.) This is only for TLS 1.2. For TLS 1.3, this info is\n * encrypted and thus is not available. And for TLS 1.1, 1.0, and SSL 3.0, the\n * hash algorithm is not negotiated but fixed to either SHA1 or MD5+SHA1. See\n * comment section for \"addSignatureSchemeServerAuth()\" for more details.\n *\n * 3. Similar to 2, the negotiated signature scheme used in creating the\n * client certificate verify message for client auth.\n *\n * A TLS connection may result in two records created, one for the server flow\n * and the other for the client flow. The server flow record contains the\n * key exchange information as well as negotiated signature scheme for server\n * authentication. The client flow record contains the negotiated signature\n * scheme for client authentication. However, if there is no client\n * authentication happening for a TLS session, that session would only create\n * one record, namely the one corresponding to the server flow.\n *\n * The custom record contains the following properties:\n *\n * \"isaraFlowID\"              - A unique ID of the TCP flow.\n * \"isaraIsClientFlow\"        - Whether this record is created from a client to server data flow.\n *                              This should be used to determine if a record corresponds to a client flow\n *                              or a server flow, rather than using any other properties which may not be reliable.\n * \"isaraTLSVersion\"          - TLS version of the TLS connection, such as \"TLSv1.2\", \"TLSv1.1\".\n * \"isaraTLSVersionCodePoint\" - Code point of the TLS version of the TLS connection, such as 771 (0x0303) for \"TLSv1.2\".\n * \"isaraKEXAlgorithm\"        - Name of the negotiated key exchange algorithm. Supported values are \"ECDH\" and \"FFDH\".\n *                              Note that there are no standardized code points for key exchange algorithms.\n * \"isaraTLSKEXParameter\"     - The negotiated parameter for the key exchange algorithm.\n *                              This is the curve code point for ECDH, or key size (in bits) for FFDH.\n * \"isaraServerAuthSigSchemeCodePoint\" - Code point of the negotiated signature scheme used in signing the server key\n *                                       exchange message for server authentication.\n * \"isaraClientAuthSigSchemeCodePoint\" - Code point of the negotiated signature scheme used in creating the client\n *                                       certificate verify message for client authentication.\n * \"isaraTriggerVersion\"      - The release version of this trigger.\n *\n * This record(s) should be used in tandem with a corresponding \"isara_tls_main\"\n * record created by the ISARA TLS main trigger, so that the these records can\n * form a complete picture of a TLS connection. The \"isara_tls_main\" record\n * contains almost all crypto info of a TLS connection, except for the crypto\n * parameters contained in this record.\n *\n * To link this record(s) with the corresponding \"isara_tls_main\" record, use the\n * \"isaraFlowID\" value. Records corresponding to the same TLS connection share\n * the same \"isaraFlowID\" value.\n *\n * Note that there may be false positives of \"isara_tls_params_tcp\" records. If\n * an \"isara_tls_params_tcp\" record cannot be linked to an \"isara_tls_main\"\n * record, it should be ignored.\n *\n * Note that all properties are prepended with \"isara\". This ensures that\n * none of our properties will collide with those of ExtraHop that are\n * automatically added to custom records:\n * https://docs.extrahop.com/current/extrahop-trigger-api/#global-functions\n *\n * ExtraHop may add additional properties to the record, as per:\n * https://docs.extrahop.com/current/extrahop-trigger-api/#global-functions\n * such as \"flowID\". However, we should not rely on such properties as they\n * may be subject to change on the ExtraHop side, and we should use our own\n * corresponding properties, such as \"isaraFlowID\".\n *\n * Our custom records' record type is \"isara_tls_params_tcp\". It can be used for\n * REST query:\n *\n * `curl -v -X POST \"https://<extrahop-hostname-or-IP-address>/api/v1/records/search\"\n * -H \"accept: application/json\" -H \"Authorization: ExtraHop apikey=your_api_key\"\n * -H \"Content-Type: application/json\" -d '{ \"from\": \"-30m\", \"types\": [ \"isara_tls_params_tcp\" ]}'`\n */\n\nlet triggerVersion = \"3.2\";\n\nif (Flow === null) {\n    // Exit if no Flow info.\n    debug(\"Error: No Flow info.\");\n    return;\n}\n\nlet protocol = Flow.l7proto;\nif (protocol === null) {\n    // Exit if no L7 protocol info.\n    debug(\"Info: No L7 protocol info.\");\n    return;\n}\n\ndebug(\"protocol: \" + protocol);\n\nif (!protocol.startsWith(\"SSL:\")) {\n    // Exit if not a TLS session.\n    debug(\"Info: Not a TLS session.\");\n    return;\n}\n\nlet flowID = Flow.id;\ndebug(\"Flow ID: \" + flowID);\n\n/*\n * Custom TLS record.\n *\n * This holds all record info, and is sent to the ExtraHop recordstore.\n */\nlet isaraTLSParamsRecord = {};\n\n/*\n * Add the version of the trigger.\n */\nfunction addTriggerVersion() {\n    isaraTLSParamsRecord.isaraTriggerVersion = triggerVersion;\n\n    debug(\"Trigger version: \" + isaraTLSParamsRecord.isaraTriggerVersion);\n}\n\n/*\n * Add the unique identifier of the TCP flow.\n *\n * This is used specifically to link this record to the main TLS record of\n * type \"isara_tls_main\" which contains almost all TLS session info.\n */\nfunction addFlowID() {\n    isaraTLSParamsRecord.isaraFlowID = flowID;\n}\n\n/*\n * Add the TLS version for the TLS connection.\n *\n * @param {String} tlsVersion The TLS version to add. Valid values\n *                 are \"TLSv1.2\", \"TLSv1.1\", \"TLSv1.0\", \"SSLv3.0\".\n */\nfunction addTLSVersion(tlsVersion) {\n    if (tlsVersion === \"TLSv1.2\") {\n        isaraTLSParamsRecord.isaraTLSVersionCodePoint = 771;\n    } else if (tlsVersion === \"TLSv1.1\") {\n        isaraTLSParamsRecord.isaraTLSVersionCodePoint = 770;\n    } else if (tlsVersion === \"TLSv1.0\") {\n        isaraTLSParamsRecord.isaraTLSVersionCodePoint = 769;\n    } else if (tlsVersion === \"SSLv3.0\") {\n        isaraTLSParamsRecord.isaraTLSVersionCodePoint = 768;\n    } else {\n        debug(\"Error: addTLSVersion() - Wrong TLS version: \" + tlsVersion);\n        return;\n    }\n\n    isaraTLSParamsRecord.isaraTLSVersion = tlsVersion;\n    debug(\"TLS version: \" + isaraTLSParamsRecord.isaraTLSVersion);\n}\n\n/*\n * We use the server payload for parsing the negotiated key exchange\n * parameter and the negotiated signature scheme which are both contained\n * in the server key exchange message.\n */\nlet serverBuf = Flow.server.payload;\n\nif (serverBuf !== null) {\n    debug(\"Server buffer length: \" + serverBuf.length);\n\n    if (serverBuf.length == 0) {\n        debug(\"No server flow data.\");\n        return;\n    }\n}\n\n/*\n * We use the client payload for parsing the signature scheme used to create\n * the client certificate verify message.\n */\nlet clientBuf = Flow.client.payload;\n\nif (clientBuf !== null) {\n    debug(\"Client buffer length: \" + clientBuf.length);\n\n    if (clientBuf.length == 0) {\n        debug(\"No client flow data.\");\n        return;\n    }\n\n    isaraTLSParamsRecord.isaraIsClientFlow = true;\n}\n\n/*\n * This trigger is called per each server/client flow turn, which means that\n * one of these buffers is null and the other is not. However, it should not\n * be the case that both are null. (I also haven't observed when they are both\n * non-null.)\n */\nif (serverBuf === null && clientBuf === null) {\n    debug(\"Error: Cannot get server nor client payload.\")\n    return;\n}\n\n/*\n * If a TLS entity's turn does not start with byte \"22\", then the content type\n * of the data flow is not TLS handshake. (For example, TLS application data\n * flow starts with \"23\".) In such case, we do not process the turn, which\n * eliminates unnecessary performance penalty.\n *\n * For all TLS content type, see:\n * https://www.iana.org/assignments/tls-parameters/tls-parameters.xhtml#tls-parameters-5\n */\nif (serverBuf !== null) {\n    if (serverBuf[0] !== 22) {\n        debug(`Server flow: TLS content type is ${serverBuf[0]}. Not handshake data.`);\n        return;\n    }\n} else if (clientBuf !== null) {\n    if (clientBuf[0] !== 22) {\n        debug(`Client flow: TLS content type is ${clientBuf[0]}. Not handshake data.`);\n        return;\n    }\n}\n\nif (Trigger.isDebugEnabled) {\n    // Log the server buffer for debugging/info purposes.\n    // We need to convert ExtraHop buffer into an array, because ExtraHop buffer\n    // doesn't print into numbers.\n    if (serverBuf !== null) {\n        let serverBufArray = [];\n\n        for (let i = 0; i < serverBuf.length; i++) {\n            serverBufArray.push(serverBuf[i]);\n        }\n\n        log(\"Server buffer array length: \" + serverBufArray.length);\n\n        let serverStart = 0;\n        let serverCounter = 0;\n        while (serverStart < serverBufArray.length) {\n            // ExtraHop debug log has a 2048-byte limit for each log entry.\n            // Therefore, we slice the whole buffer into 400-element chunks, and each\n            // chunk should be less than 2048 bytes. Otherwise, any array element\n            // outside of the 2048-byte limit will not be logged.\n\n            if (serverStart + 400 < serverBufArray.length) {\n                log(`${flowID} snippet ${serverCounter}: ` + serverBufArray.slice(serverStart, serverStart + 400));\n                serverStart += 400;\n            } else {\n                log(`${flowID} snippet ${serverCounter}: ` + serverBufArray.slice(serverStart));\n                break;\n            }\n\n            serverCounter++;\n        }\n    }\n\n    // Log the client buffer for debugging/info purposes.\n    if (clientBuf !== null) {\n        let clientBufArray = [];\n\n        for (let i = 0; i < clientBuf.length; i++) {\n            clientBufArray.push(clientBuf[i]);\n        }\n\n        log(\"Client buffer array length: \" + clientBufArray.length);\n\n        let clientStart = 0;\n        let clientCounter = 0;\n        while (clientStart < clientBufArray.length) {\n            // ExtraHop debug log has a 2048-byte limit for each log entry.\n            // Therefore, we slice the whole buffer into 400-element chunks, and each\n            // chunk should be less than 2048 bytes. Otherwise, any array element\n            // outside of the 2048-byte limit will not be logged.\n\n            if (clientStart + 400 < clientBufArray.length) {\n                log(`${flowID} snippet ${clientCounter}: ` + clientBufArray.slice(clientStart, clientStart + 400));\n                clientStart += 400;\n            } else {\n                log(`${flowID} snippet ${clientCounter}: ` + clientBufArray.slice(clientStart));\n                break;\n            }\n\n            clientCounter++;\n        }\n    }\n}\n\n/*\n * Find the first occurrence of a subarray in an array.\n *\n * @param {Array} array The array in which to search for the subarray.\n * @param {Array} subarray The subarray to search for in array.\n * @param {Number} offset The starting position in array to search for subarray.\n * @returns The starting index of the occurrence. If the subarray cannot be\n *          found, -1 is returned.\n */\nfunction findSubarray(array, subarray, offset) {\n    let subarrayLength = subarray.length;\n    let headRoom = array.length + 1 - subarrayLength;\n\n    outer: for (let i = offset; i < headRoom; i++) {\n        for (let j = 0; j < subarrayLength; j++) {\n            if (array[i + j] !== subarray[j]) {\n                continue outer;\n            }\n        }\n\n        return i;\n    }\n\n    return -1;\n}\n\n/*\n * Find the negotiated key exchange parameter in the TLS server buffer.\n * It only supports ECDH and FFDH key exchanges.\n *\n * @param {Array} tlsVersion The version of the TLS connection being processed.\n *                Valid values are \"TLSv1.2\", \"TLSv1.1\", \"TLSv1.0\", \"SSLv3.0\".\n * @param {Boolean} isECDH If true, look for ECDH parameter (curve code point),\n *                  otherwise, look for FFDH parameter (key size).\n */\nfunction findKEXParameter(tlsVersion, isECDH) {\n    /*\n     * recordHeader is an array of 3 bytes that identifies the header of a TLS\n     * record. The first byte is the content type, and it should always be \"22\"\n     * to represent the TLS \"handshake\" record. The next two bytes are the TLS\n     * version. Note that this is a \"reduced\" version of TLS record header, as\n     * it doesn't include the length field.\n     */\n    let recordHeader = null;\n\n    if (tlsVersion === \"TLSv1.2\") {\n        recordHeader = [22, 3, 3];\n    } else if (tlsVersion === \"TLSv1.1\") {\n        recordHeader = [22, 3, 2];\n    } else if (tlsVersion === \"TLSv1.0\") {\n        recordHeader = [22, 3, 1];\n    } else if (tlsVersion === \"SSLv3.0\") {\n        recordHeader = [22, 3, 0];\n    }\n\n    /*\n     * recordHeaderLength is a fixed value for all TLS records. Every TLS\n     * record always starts with the header.\n     *\n     * The length is 5: 1 byte for the content type + 2 bytes for TLS\n     * version + 2 bytes for the length of the record payload.\n     * (RFC 5246, section 6.2.1)\n     */\n    let recordHeaderLength = 5;\n\n    /*\n     * handshakeHeaderLength is a fixed value for all TLS handshake messages.\n     * Handshake header follows immediately after the TLS record header.\n     *\n     * The length is 4: 1 byte for the handshake type + 3 bytes for the\n     * handshake message length.\n     * (RFC 5246, section 7.4)\n     */\n    let handshakeHeaderLength = 4;\n    let numOfRecords = 0;\n\n    let position = findSubarray(serverBuf, recordHeader, 0);\n    while (position !== -1) {\n        numOfRecords++;\n\n        if (isECDH) {\n            if (position + recordHeaderLength + handshakeHeaderLength + 3 > serverBuf.length) {\n                /*\n                 * The ECDH curve code point locates at the 11th and 12th bytes\n                 * in the server key exchange message.\n                 */\n                debug(\"Reached the end of the buffer.\");\n                break;\n            }\n        } else {\n            if (position + recordHeaderLength + handshakeHeaderLength + 2 > serverBuf.length) {\n                /*\n                 * The FFDH key size locates at the 10th and 11th bytes in the\n                 * server key exchange message.\n                 */\n                debug(\"Reached the end of the buffer.\");\n                break;\n            }\n        }\n\n        /*\n         * \"12\" represents the \"server key exchange\" handshake type.\n         * (RFC 5246, section 7.4)\n         */\n        if (serverBuf[position + recordHeaderLength] == 12) {\n            if (isECDH) {\n                /*\n                 * distanceToCurveType is the number of bytes from the start of\n                 * the TLS record to the byte that marks the TLS EC curve type.\n                 *\n                 * This should be 9: 5 bytes for the record header + 4 bytes for\n                 * the handshake header. I.e., it is the first byte immediately\n                 * after the handshake header in the server key exchange message.\n                 * (RFC 5246, section 6.2.1 and 7.4)\n                 */\n                let distanceToCurveType = recordHeaderLength + handshakeHeaderLength;\n\n                /*\n                 * \"3\" represents \"named curve\", which is the only curve type\n                 * used for TLS ECDH key exchange.\n                 * (RFC 8422, section 5.4)\n                 */\n                if (serverBuf[position + distanceToCurveType] == 3) {\n                    isaraTLSParamsRecord.isaraKEXAlgorithm = \"ECDH\";\n\n                    /* The curve info follows immediately after the curve type, and it takes 2 bytes. */\n                    isaraTLSParamsRecord.isaraTLSKEXParameter = (serverBuf[position + distanceToCurveType + 1] << 8) | serverBuf[position + distanceToCurveType + 2];\n\n                    debug(\"ECDH curve: \" + isaraTLSParamsRecord.isaraTLSKEXParameter);\n                    break;\n                }\n            } else {\n                /*\n                 * distanceToKeySize is the number of bytes from the start of\n                 * the TLS record to the byte that marks the beginning of FFDH\n                 * key size.\n                 *\n                 * This should be 9: 5 bytes for the record header + 4 bytes for\n                 * the handshake header. I.e., it is the first byte immediately\n                 * after the handshake header in the server key exchange message.\n                 */\n                let distanceToKeySize = recordHeaderLength + handshakeHeaderLength;\n\n                isaraTLSParamsRecord.isaraKEXAlgorithm = \"FFDH\";\n\n                /*\n                 * The FFDH key size takes 2 bytes.\n                 * This is the size of the prime modulus, dh_p, for the DH operation.\n                 * (RFC 5246, section 7.4.3)\n                 */\n                isaraTLSParamsRecord.isaraTLSKEXParameter = ((serverBuf[position + distanceToKeySize] << 8) | serverBuf[position + distanceToKeySize + 1]) * 8;\n\n                debug(\"FFDH key size: \" + isaraTLSParamsRecord.isaraTLSKEXParameter);\n                break;\n            }\n        }\n\n        position = findSubarray(serverBuf, recordHeader, position + 1);\n    }\n\n    /*\n     * This is more for debugging purposes to see how many TLS records we\n     * jumped over in order to get to the server key exchange record.\n     */\n    debug(\"The number of TLS records encountered when extracting KEX: \" + numOfRecords);\n}\n\n/*\n * Find negotiated ECDH parameter, starting with TLS 1.2 first, as it is much\n * more common than the other 2 versions.\n */\nfunction findECDHParameter() {\n    findKEXParameter(\"TLSv1.2\", true);\n    if (isaraTLSParamsRecord.hasOwnProperty('isaraTLSKEXParameter')) {\n        addTLSVersion(\"TLSv1.2\");\n\n        debug(\"Found TLS 1.2 negotiated ECDH parameter.\");\n        return;\n    }\n\n    findKEXParameter(\"TLSv1.1\", true);\n    if (isaraTLSParamsRecord.hasOwnProperty('isaraTLSKEXParameter')) {\n        addTLSVersion(\"TLSv1.1\");\n\n        debug(\"Found TLS 1.1 negotiated ECDH parameter.\");\n        return;\n    }\n\n    findKEXParameter(\"TLSv1.0\", true);\n    if (isaraTLSParamsRecord.hasOwnProperty('isaraTLSKEXParameter')) {\n        addTLSVersion(\"TLSv1.0\");\n\n        debug(\"Found TLS 1.0 negotiated ECDH parameter.\");\n        return;\n    }\n}\n\n/*\n * Find negotiated FFDH parameter, starting with TLS 1.2 first, as it is much\n * more common than the other 3 versions.\n */\nfunction findFFDHParameter() {\n    findKEXParameter(\"TLSv1.2\", false);\n    if (isaraTLSParamsRecord.hasOwnProperty('isaraTLSKEXParameter')) {\n        addTLSVersion(\"TLSv1.2\");\n\n        debug(\"Found TLS 1.2 negotiated FFDH parameter.\");\n        return;\n    }\n\n    findKEXParameter(\"TLSv1.1\", false);\n    if (isaraTLSParamsRecord.hasOwnProperty('isaraTLSKEXParameter')) {\n        addTLSVersion(\"TLSv1.1\");\n\n        debug(\"Found TLS 1.1 negotiated FFDH parameter.\");\n        return;\n    }\n\n    findKEXParameter(\"TLSv1.0\", false);\n    if (isaraTLSParamsRecord.hasOwnProperty('isaraTLSKEXParameter')) {\n        addTLSVersion(\"TLSv1.0\");\n\n        debug(\"Found TLS 1.0 negotiated FFDH parameter.\");\n        return;\n    }\n\n    findKEXParameter(\"SSLv3.0\", false);\n    if (isaraTLSParamsRecord.hasOwnProperty('isaraTLSKEXParameter')) {\n        addTLSVersion(\"SSLv3.0\");\n\n        debug(\"Found SSL 3.0 negotiated FFDH parameter.\");\n        return;\n    }\n}\n\n/*\n * Add the negotiated key exchange parameter.\n */\nfunction addKEXParameter() {\n    /*\n     * Look for ECDH parameter first, as it is much more commonly used than FFDH\n     * in TLS. Also, given how DH key exchange data are formatted, every ECDH\n     * can be viewed as a FFDH format based on our matching criteria. So, we need\n     * to process ECDH first, otherwise we would get \"fake\" FFDH parameter.\n     */\n    findECDHParameter();\n    if (!isaraTLSParamsRecord.hasOwnProperty('isaraTLSKEXParameter')) {\n        /*\n         * If we couldn't find ECDH parameter in the TLS handshake traffic, then\n         * search for FFDH parameter.\n         */\n        findFFDHParameter();\n    }\n\n    if (!isaraTLSParamsRecord.hasOwnProperty('isaraTLSKEXParameter')) {\n        /* Failed to find the negotiated key exchange parameter. */\n        debug(\"No negotiated key exchange parameter found.\");\n    }\n\n    return;\n}\n\n/*\n * Add the negotiated signature scheme used in signing the key exchange message\n * for server auth.\n *\n * We are mainly interested in the hash component of the signature scheme.\n * But, in order to get it, we need to get the signature scheme first, and use\n * it to get the hash algorithm.\n * (We can no longer just parse out the \"hash byte\" in the traditional\n * \"sig-and-hash\" code point and use it directly, because with newer signature\n * schemes, the \"hash byte\" no longer maps directly to a hash algorithm code\n * point, such as \"rsa_pss_rsae_sha256\" - 0x0804, where 0x08 does not map to\n * sha256.)\n *\n * We are only getting the negotiated signature scheme for TLS 1.2, which is\n * included with the signature (TLS digitally-signed construct):\n * struct {\n *     SignatureAndHashAlgorithm algorithm;\n *     opaque signature<0..2^16-1>;\n * } DigitallySigned;\n * (RFC 5246, section 4.7)\n *\n * For all standardized signature schemes, see:\n * https://www.iana.org/assignments/tls-parameters/tls-parameters.xhtml#tls-signaturescheme\n *\n * For TLS 1.3, this info is encrypted and thus is not available.\n *\n * For TLS 1.1, 1.0, and SSL 3.0, the hash algorithm is not negotiated but\n * fixed to SHA1, MD5+SHA1, or intrinsic depending on the signature algorithm\n * used.\n *\n * For RSA, it's MD5+SHA1. For DSA, it's SHA1:\n * select (SignatureAlgorithm) {\n *     case rsa:\n *         digitally-signed struct {\n *             opaque md5_hash[16];\n *             opaque sha_hash[20];\n *         };\n *     case dsa:\n *         digitally-signed struct {\n *             opaque sha_hash[20];\n *         };\n * } Signature;\n * (RFC 4346, section 7.4.3 for TLS 1.1)\n * (RFC 2246, section 7.4.3 for TLS 1.0 which is the same as SSL 3.0)\n *\n * For ECDSA it's SHA1. For EDDSA, it's \"intrinsic\" (no hashing):\n * select (SignatureAlgorithm) {\n *     case ecdsa:\n *         digitally-signed struct {\n *             opaque sha_hash[sha_size];\n *         };\n *     case ed25519,ed448:\n *         digitally-signed struct {\n *             opaque rawdata[rawdata_size];\n *         };\n * } Signature;\n * (RFC 8422, section 5.4)\n *\n * Therefore, for TLS 1.1, 1.0, and SSL 3.0, the hash algorithm used can be\n * derived from the signature algorithm used, which is available in the\n * \"isara_tls_main\" record.\n */\nfunction addSignatureSchemeServerAuth() {\n    /* Record header for TLS 1.2. */\n    let recordHeader = [22, 3, 3];\n\n    let recordHeaderLength = 5;\n    let handshakeHeaderLength = 4;\n    let numOfRecords = 0;\n\n    let position = findSubarray(serverBuf, recordHeader, 0);\n    while (position !== -1) {\n        numOfRecords++;\n\n        /*\n         * We need at least 4 to cover the ECDH case. 3 for curve info and\n         * 1 for pubkey length. (No valid ECDH/FFDH case would be shorter\n         * than this.)\n         */\n        if (position + recordHeaderLength + handshakeHeaderLength + 4 > serverBuf.length) {\n            debug(\"Reached the end of the buffer.\");\n            break;\n        }\n\n        /*\n         * \"12\" represents the \"server key exchange\" handshake type.\n         *\n         * The negotiated signature scheme is included in the server key\n         * exchange message:\n         * struct {\n         *     ServerDHParams params;\n         *     digitally-signed struct {\n         *         opaque client_random[32];\n         *         opaque server_random[32];\n         *         ServerDHParams params;\n         *     } signed_params;\n         * } ServerKeyExchange;\n         * (RFC 5246, section 7.4.3)\n         */\n        if (serverBuf[position + recordHeaderLength] == 12) {\n            /*\n             * If the first byte immediately after the handshake header in\n             * the server key exchange message is \"3\", then this is very\n             * likely an ECDH key exchange. (RFC 8422, section 5.4)\n             * Otherwise, we treat this as FFDH key exchange.\n             */\n            if (serverBuf[position + recordHeaderLength + handshakeHeaderLength] == 3) {\n                /* ECDH key exchange. */\n\n                let distanceToECDHPublicKeyLength = recordHeaderLength + handshakeHeaderLength + 3;\n                let ECDHPublicKeyLength = serverBuf[position + distanceToECDHPublicKeyLength];\n                debug(\"ECDH public key length: \" + ECDHPublicKeyLength);\n\n                let distanceToSignatureScheme = distanceToECDHPublicKeyLength + 1 + ECDHPublicKeyLength;\n                if (position + distanceToSignatureScheme + 2 > serverBuf.length) {\n                    debug(\"Reached the end of the buffer.\");\n                    break;\n                }\n\n                isaraTLSParamsRecord.isaraServerAuthSigSchemeCodePoint = (serverBuf[position + distanceToSignatureScheme] << 8) | serverBuf[position + distanceToSignatureScheme + 1];\n\n                debug(\"Server signature scheme code point (in ECDH KEX message): \" + isaraTLSParamsRecord.isaraServerAuthSigSchemeCodePoint);\n\n                break;\n            } else {\n                /* FFDH key exchange. */\n\n                /*\n                 * We need to jump over FFDH parameters:\n                 * struct {\n                 *     opaque dh_p<1..2^16-1>;\n                 *     opaque dh_g<1..2^16-1>;\n                 *     opaque dh_Ys<1..2^16-1>;\n                 * } ServerDHParams;\n                 * (RFC 5246, section 7.4.3)\n                 */\n                let distanceToDHPLength = recordHeaderLength + handshakeHeaderLength;\n\n                let DHPLength = (serverBuf[position + distanceToDHPLength] << 8) | serverBuf[position + distanceToDHPLength + 1];\n                debug(\"dh_p length: \" + DHPLength);\n\n                let distanceToDHGLength = distanceToDHPLength + 2 + DHPLength;\n                if (position + distanceToDHGLength + 2 > serverBuf.length) {\n                    debug(\"Reached the end of the buffer.\");\n                    break;\n                }\n\n                let DHGLength = (serverBuf[position + distanceToDHGLength] << 8) | serverBuf[position + distanceToDHGLength + 1];\n                debug(\"dh_g length: \" + DHGLength);\n\n                let distanceToDHYSLength = distanceToDHGLength + 2 + DHGLength;\n                if (position + distanceToDHYSLength + 2 > serverBuf.length) {\n                    debug(\"Reached the end of the buffer.\");\n                    break;\n                }\n\n                let DHYSLength = (serverBuf[position + distanceToDHYSLength] << 8) | serverBuf[position + distanceToDHYSLength + 1];\n                debug(\"dh_Ys length: \" + DHYSLength);\n\n                let distanceToSignatureScheme = distanceToDHYSLength + 2 + DHYSLength;\n                if (position + distanceToSignatureScheme + 2 > serverBuf.length) {\n                    debug(\"Reached the end of the buffer.\");\n                    break;\n                }\n\n                isaraTLSParamsRecord.isaraServerAuthSigSchemeCodePoint = (serverBuf[position + distanceToSignatureScheme] << 8) | serverBuf[position + distanceToSignatureScheme + 1];\n\n                debug(\"Server signature scheme code point (in FFDH KEX message): \" + isaraTLSParamsRecord.isaraServerAuthSigSchemeCodePoint);\n\n                break;\n            }\n        }\n\n        position = findSubarray(serverBuf, recordHeader, position + 1);\n    }\n\n    /*\n     * This is more for debugging purposes to see how many TLS records we\n     * jumped over in order to get to the server key exchange record.\n     */\n    debug(\"The number of TLS records encountered when extracting server auth sig scheme: \" + numOfRecords);\n\n    if (!isaraTLSParamsRecord.hasOwnProperty('isaraServerAuthSigSchemeCodePoint')) {\n        /* Failed to find server auth sig scheme. */\n        debug(\"No server auth signature scheme found.\");\n    }\n}\n\n/*\n * Add the negotiated signature scheme used in creating the client certificate\n * verify message for client auth.\n *\n * We are mainly interested in the hash component of the signature scheme.\n * But, in order to get it, we need to get the signature scheme first, and use\n * it to get the hash algorithm.\n *\n * We are only getting the negotiated signature scheme for TLS 1.2, which is\n * included with the signature in the certificate verify message.\n *\n * For TLS 1.3, this info is encrypted and thus not available.\n *\n * For TLS 1.1, 1.0, and SSL 3.0, the hash algorithm is not negotiated but\n * fixed to SHA1, MD5+SHA1, or intrinsic depending on the signature algorithm\n * used. Therefore, for TLS 1.1, 1.0, and SSL 3.0, the hash algorithm used can\n * be derived from the signature algorithm used, which is available in the\n * \"isara_tls_main\" record.\n *\n * See comments for \"addSignatureSchemeServerAuth()\" for more details\n * on the above.\n */\nfunction addSignatureSchemeClientAuth() {\n    /* Record header for TLS 1.2. */\n    let recordHeader = [22, 3, 3];\n\n    let recordHeaderLength = 5;\n    let handshakeHeaderLength = 4;\n    let numOfRecords = 0;\n\n    let position = findSubarray(clientBuf, recordHeader, 0);\n    while (position !== -1) {\n        numOfRecords++;\n\n        /*\n         * We need 2 extra bytes to cover the signature scheme code point.\n         */\n        if (position + recordHeaderLength + handshakeHeaderLength + 2 > clientBuf.length) {\n            debug(\"Reached the end of the buffer.\");\n            break;\n        }\n\n        /*\n         * \"15\" represents the \"certificate verify\" handshake type.\n         *\n         * The negotiated signature scheme is included in the certificate\n         * verify message:\n         * struct {\n         *   digitally-signed struct {\n         *     opaque handshake_messages[handshake_messages_length];\n         *   }\n         * } CertificateVerify;\n         * (RFC 5246, section 7.4.8)\n         */\n        if (clientBuf[position + recordHeaderLength] == 15) {\n\n            let distanceToSignatureScheme = recordHeaderLength + handshakeHeaderLength;\n\n            isaraTLSParamsRecord.isaraClientAuthSigSchemeCodePoint = (clientBuf[position + distanceToSignatureScheme] << 8) | clientBuf[position + distanceToSignatureScheme + 1];\n\n            debug(\"Client signature scheme code point (in client certificate verify message): \" + isaraTLSParamsRecord.isaraClientAuthSigSchemeCodePoint);\n\n            break;\n        }\n\n        position = findSubarray(clientBuf, recordHeader, position + 1);\n    }\n\n    /*\n     * This is more for debugging purposes to see how many TLS records we\n     * jumped over in order to get to the client certificate verify record.\n     */\n    debug(\"The number of TLS records encountered when extracting client auth sig scheme: \" + numOfRecords);\n\n    if (!isaraTLSParamsRecord.hasOwnProperty('isaraClientAuthSigSchemeCodePoint')) {\n        /* Failed to find client auth sig scheme. */\n        debug(\"No client auth signature scheme found.\");\n    }\n}\n\n/*\n * Note: If we fail to find negotiated key exchange parameter, then we may not\n * have TLS version info added to the record. This is fine, as we can cross\n * reference with the corresponding TLS main record, which for sure contains\n * this info. (The version info is mainly for ExtraHop record displaying\n * purpose.)\n */\n\naddFlowID();\naddTriggerVersion();\n\nif (serverBuf !== null) {\n    addKEXParameter();\n    addSignatureSchemeServerAuth();\n}\n\nif (clientBuf !== null) {\n    addSignatureSchemeClientAuth();\n}\n\n/*\n * Do not commit the record if none of the key exchange parameter, the\n * signature scheme for server auth, and the signature scheme for client auth\n * were found.\n */\nif (isaraTLSParamsRecord.hasOwnProperty('isaraTLSKEXParameter') ||\n    isaraTLSParamsRecord.hasOwnProperty('isaraServerAuthSigSchemeCodePoint') ||\n    isaraTLSParamsRecord.hasOwnProperty('isaraClientAuthSigSchemeCodePoint')) {\n    commitRecord('isara_tls_params_tcp', isaraTLSParamsRecord);\n} else {\n    debug(\"No TLS parameter found.\");\n}\n"
        }
    ]
}