{
    "Views": [
        {
            "name":"test-view",
            "cryptoStrength": [
                "Strong",
                "Quantum Safe"
            ],
            "index": "connections",
            "Widgets": [
                {
                    "widgetName": "test-overall",
                    "widgetType": "OVERALL",
                    "deltaPeriod": "DAY",
                    "group": "CRYPTO_PRIMITIVE_FAMILY",
                    "subgroup": "AES"
                },
                {
                    "widgetName": "test-rating",
                    "widgetType": "RATING",
                    "deltaPeriod": "DAY",
                    "group": "CRYPTO_PRIMITIVE_FAMILY",
                    "subgroup": "AES"
                },
                {
                    "widgetName": "test-ratio",
                    "widgetType": "RATIO",
                    "deltaPeriod": "DAY",
                    "group": "CRYPTO_PRIMITIVE_FAMILY",
                    "subgroup": "AES"
                }
            ]
        }
    ],
    "Widgets": {},
    "Netmasks": {
        "numEmpty": 3,
        "named": [
            {
                "name": "hello",
                "netmask": "123.123.123.0/24",
                "description": "test",
                "forClients": true,
                "forServers": true,
                "squashAddresses": true,
                "zoneIn": "testIn",
                "zoneOut": "testOut",
                "storeName": false,
                "enabled": true,
                "sortOrder": 1000
            },
            {
                "name": "test",
                "netmask": "192.208.0.0/24",
                "description": "test2",
                "forClients": true,
                "forServers": true,
                "squashAddresses": true,
                "zoneIn": "testIn",
                "zoneOut": "testOut",
                "storeName": false,
                "enabled": true,
                "sortOrder": 1000
            },
            {
                "name": "the internet",
                "netmask": "0.0.0.0/24",
                "description": "test3",
                "forClients": true,
                "forServers": true,
                "squashAddresses": true,
                "zoneIn": "internetIn",
                "zoneOut": "internetOut",
                "storeName": false,
                "enabled": true,
                "sortOrder": 1000
            }
        ]
    },
    "Devices": {
        "min": 500,
        "max": 1000
    },
    "Servers": {
        "min": 4,
        "max": 20
    },
    "Connections": {
        "min": 40000,
        "max": 600000,
        "ports": [
            {
                "port": 80,
                "priority": 2,
                "minAmount": 300
            },
            {
                "port": 443,
                "priority": 1,
                "minAmount": 800
            },
            {
                "port": 8080,
                "priority": 3,
                "minAmount": 30
            }
        ],
        "crypto": {
            "primitives": [
                {
                    "name": "ECDH",
                    "cryptoAlgorithm": 24,
                    "variant": "",
                    "priority": 3
                },
                {
                    "name": "ECDH_BRAINPOOL_P224t1",
                    "cryptoAlgorithm": 24,
                    "variant": "",
                    "priority": 4
                },
                {
                    "name": "ECDH_SECT163r1",
                    "cryptoAlgorithm": 24,
                    "variant": "1.3.132.0.2",
                    "priority": 7
                },
                {
                    "name": "HQC_128",
                    "cryptoAlgorithm": 24,
                    "variant": "",
                    "priority": 9
                },
                {
                    "name": "HMAC_SHA2_256",
                    "cryptoAlgorithm": 24,
                    "variant": "",
                    "priority": 5
                },
                {
                    "name": "MD5",
                    "cryptoAlgorithm": 24,
                    "variant": "",
                    "priority": 4
                },
                {
                    "name": "SHA_3_256",
                    "cryptoAlgorithm": 24,
                    "variant": "",
                    "priority": 2
                }
            ]
        }
    },
    "SoftwareVersionTags": [
        "STABLE",
        "ALPHA1",
        "ALPHA2",
        "BETA1",
        "BETA2"
    ],
    "ConnectionTags": [
        "Tunneled",
        "VPN",
        "Timed_Out",
        "Error_Detected"
    ]
}